{
  "best_model_name": "小批量(16)",
  "best_model_config": {
    "learning_rate": 0.01,
    "epochs": 50,
    "batch_size": 16
  },
  "model_parameters": {
    "learned_weight": 2.502268113004724,
    "learned_bias": 0.9819193758989281,
    "true_weight": 2.5,
    "true_bias": 1.0,
    "weight_error": 0.0022681130047241815,
    "bias_error": 0.018080624101071918
  },
  "performance_metrics": {
    "train_loss": 0.04446810309457241,
    "train_r2": 0.9983192740273564,
    "val_loss": 0.049822808855258624,
    "val_r2": 0.9982013966042564,
    "test_loss": 0.04306925147325828,
    "test_r2": 0.9984134537898112
  },
  "training_stats": {
    "total_epochs": 50,
    "total_iterations": 4400,
    "batches_per_epoch": 88,
    "batch_size": 16,
    "final_train_loss": 0.04446810309457241,
    "final_val_loss": 0.049822808855258624,
    "best_train_loss": 0.04446810309457241,
    "best_val_loss": 0.049822808855258624
  },
  "all_models_comparison": {
    "小批量(16)": {
      "val_r2": 0.9982013966042564,
      "test_r2": 0.9984134537898112,
      "training_time": 0.20263147354125977
    },
    "小批量(32)": {
      "val_r2": 0.998201078922361,
      "test_r2": 0.9984137640128201,
      "training_time": 0.0812997817993164
    },
    "小批量(64)": {
      "val_r2": 0.9981928170768904,
      "test_r2": 0.998393177462789,
      "training_time": 0.06285524368286133
    },
    "小批量(128)": {
      "val_r2": 0.9980847953388523,
      "test_r2": 0.9982587860747919,
      "training_time": 0.027997255325317383
    },
    "小批量(慢学习率)": {
      "val_r2": 0.9982013417018996,
      "test_r2": 0.9984132490630973,
      "training_time": 0.1487867832183838
    },
    "小批量(快学习率)": {
      "val_r2": 0.9981933280667882,
      "test_r2": 0.9984130895247845,
      "training_time": 0.03967475891113281
    }
  }
}